GWAS,phenotype,SNP,p
1,Medial-Ablated-Campylobacteriosis,rs8176370,0.0000063171
1,Medial-Ablated-Campylobacteriosis,rs4992549,0.0000052336
1,Medial-Ablated-Campylobacteriosis,rs8809179,0.0000071486
1,Medial-Ablated-Campylobacteriosis,rs5140864,0.0000003426
1,Medial-Ablated-Campylobacteriosis,rs3054572,0.0000055181
1,Medial-Ablated-Campylobacteriosis,rs6604235,0.0000059526
1,Medial-Ablated-Campylobacteriosis,rs335470,0.0000047491
1,Medial-Ablated-Campylobacteriosis,rs3450077,0.0000075631
1,Medial-Ablated-Campylobacteriosis,rs6386707,0.0000045746
1,Medial-Ablated-Campylobacteriosis,rs4893673,0.0000099266
1,Medial-Ablated-Campylobacteriosis,rs2609628,0.0000033051
1,Medial-Ablated-Campylobacteriosis,rs5516594,0.0000040141
1,Medial-Ablated-Campylobacteriosis,rs4982662,0.0000062761
1,Medial-Ablated-Campylobacteriosis,rs4023560,0.0000095781
1,Medial-Ablated-Campylobacteriosis,rs8977269,0.0000055061
1,Medial-Ablated-Campylobacteriosis,rs1047380,0.0000075016
1,Medial-Ablated-Campylobacteriosis,rs4695920,0.0000060036
1,Medial-Ablated-Campylobacteriosis,rs5219965,0.0000031376
1,Medial-Ablated-Campylobacteriosis,rs7385359,0.0000094741
1,Medial-Ablated-Campylobacteriosis,rs6861314,0.0000080006
1,Medial-Ablated-Campylobacteriosis,rs8374123,0.0000056576
1,Medial-Ablated-Campylobacteriosis,rs2560189,0.0000075376
1,Medial-Ablated-Campylobacteriosis,rs4132324,0.0000009321
1,Medial-Ablated-Campylobacteriosis,rs6722887,0.0000004326
1,Medium-Natriuretic-Morphogenesis,rs7405134,0.0000000111
1,Medium-Natriuretic-Morphogenesis,rs1551650,0.0000027066
1,Medium-Natriuretic-Morphogenesis,rs3657718,0.0000089231
1,Medium-Natriuretic-Morphogenesis,rs810077,0.0000062586
1,Medium-Natriuretic-Morphogenesis,rs1086931,0.0000043741
1,Medium-Natriuretic-Morphogenesis,rs9610078,0.0000016676
1,Medium-Natriuretic-Morphogenesis,rs3845583,0.0000071016
1,Medium-Natriuretic-Morphogenesis,rs4992549,0.0000020951
1,Stage-2-Hyperbolic-Angiomatosis,rs4715695,0.0000037761
1,Stage-2-Hyperbolic-Angiomatosis,rs5575920,0.0000084411
1,Stage-2-Hyperbolic-Angiomatosis,rs2520639,0.0000054231
1,Stage-2-Hyperbolic-Angiomatosis,rs9333224,0.0000056996
1,Stage-2-Hyperbolic-Angiomatosis,rs4409178,0.0000084576
1,Stage-2-Hyperbolic-Angiomatosis,rs5051875,0.0000018331
1,Stage-2-Hyperbolic-Angiomatosis,rs2748055,0.0000003441
1,Stage-2-Hyperbolic-Angiomatosis,rs7395246,0.0000019126
1,Stage-2-Hyperbolic-Angiomatosis,rs6406482,0.0000032976
1,Stage-2-Hyperbolic-Angiomatosis,rs8215920,0.0000025441
1,Stage-2-Hyperbolic-Angiomatosis,rs9006932,0.0000069016
1,Stage-2-Hyperbolic-Angiomatosis,rs6564684,0.0000059676
1,Stage-2-Hyperbolic-Angiomatosis,rs3252324,0.0000035946
1,Stage-2-Hyperbolic-Angiomatosis,rs5289179,0.0000016511
1,Stage-2-Hyperbolic-Angiomatosis,rs3440190,0.0000015726
1,Stage-2-Hyperbolic-Angiomatosis,rs9501314,0.0000057311
1,Stage-2-Hyperbolic-Angiomatosis,rs4508055,0.0000015701
1,Stage-2-Hyperbolic-Angiomatosis,rs6910752,0.0000020411
1,Stage-2-Hyperbolic-Angiomatosis,rs236594,0.0000057191
1,Stage-2-Hyperbolic-Angiomatosis,rs8957494,0.0000074756
1,Stage-2-Hyperbolic-Angiomatosis,rs7612774,0.0000096766
1,Stage-2-Hyperbolic-Angiomatosis,rs1996594,0.0000092591
1,Stage-2-Hyperbolic-Angiomatosis,rs1709852,0.0000000961
1,Superior-Didactoresistant-Infarction,rs7009628,0.0000091601
1,Superior-Didactoresistant-Infarction,rs4498167,0.0000089226
1,Superior-Didactoresistant-Infarction,rs7909404,0.0000070706
1,Superior-Didactoresistant-Infarction,rs3954347,0.0000021711
1,Superior-Didactoresistant-Infarction,rs8957494,0.0000081241
1,Superior-Didactoresistant-Infarction,rs9511201,0.0000047261
1,Superior-Didactoresistant-Infarction,rs7622662,0.0000024171
1,Superior-Didactoresistant-Infarction,rs1225358,0.0000028861
1,Superior-Didactoresistant-Infarction,rs9135471,0.0000009546
1,Superior-Didactoresistant-Infarction,rs266257,0.0000090456
1,Superior-Didactoresistant-Infarction,rs6485583,0.0000099391
1,Superior-Didactoresistant-Infarction,rs5605583,0.0000070526
1,Distal-Metaboloscripted-Syndrophrase,rs7415021,0.0000025386
1,Distal-Metaboloscripted-Syndrophrase,rs473897,0.0000016056
1,Distal-Metaboloscripted-Syndrophrase,rs8255471,0.0000027586
1,Distal-Metaboloscripted-Syndrophrase,rs2698616,0.0000027546
1,Distal-Metaboloscripted-Syndrophrase,rs5931875,0.0000077081
1,Distal-Metaboloscripted-Syndrophrase,rs5091426,0.0000058821
1,Distal-Metaboloscripted-Syndrophrase,rs9867157,0.0000023726
1,Distal-Metaboloscripted-Syndrophrase,rs206931,0.0000024616
1,Distal-Metaboloscripted-Syndrophrase,rs3608279,0.0000067196
1,Distal-Metaboloscripted-Syndrophrase,rs1798841,0.0000052606
1,Distal-Metaboloscripted-Syndrophrase,rs2787605,0.0000048671
1,Distal-Metaboloscripted-Syndrophrase,rs7701763,0.0000034721
1,Distal-Metaboloscripted-Syndrophrase,rs3519291,0.0000036901
1,Distal-Metaboloscripted-Syndrophrase,rs8482887,0.0000048601
1,Distal-Metaboloscripted-Syndrophrase,rs8285134,0.0000088686
1,Distal-Metaboloscripted-Syndrophrase,rs5210077,0.0000002331
1,Distal-Metaboloscripted-Syndrophrase,rs6307606,0.0000054436
1,Distal-Metaboloscripted-Syndrophrase,rs4715695,0.0000046621
1,Distal-Metaboloscripted-Syndrophrase,rs6030752,0.0000073701
1,Distal-Metaboloscripted-Syndrophrase,rs7909404,0.0000027926
1,Distal-Metaboloscripted-Syndrophrase,rs7681988,0.0000070626
1,Distal-Metaboloscripted-Syndrophrase,rs5793448,0.0000022021
1,Distal-Metaboloscripted-Syndrophrase,rs9511201,0.0000030366
1,Distal-Metaboloscripted-Syndrophrase,rs7929179,0.0000017366
1,Distal-Metaboloscripted-Syndrophrase,rs9016819,0.0000015156
1,Distal-Metaboloscripted-Syndrophrase,rs8423561,0.0000067381
1,Stage-2-Metaboloscripted-Infarction,rs9016819,0.0000020601
1,Stage-2-Metaboloscripted-Infarction,rs2441538,0.0000001796
1,Stage-2-Metaboloscripted-Infarction,rs8838842,0.0000006771
1,Stage-2-Metaboloscripted-Infarction,rs8858617,0.0000016526
1,Stage-2-Metaboloscripted-Infarction,rs2273448,0.0000029376
1,Stage-2-Metaboloscripted-Infarction,rs9422213,0.0000068251
1,Stage-2-Metaboloscripted-Infarction,rs5388055,0.0000099746
1,Stage-2-Metaboloscripted-Infarction,rs5536370,0.0000034056
1,Stage-2-Metaboloscripted-Infarction,rs5981313,0.0000021801
1,Stage-2-Metaboloscripted-Infarction,rs8848730,0.0000025831
1,Stage-2-Metaboloscripted-Infarction,rs9392550,0.0000033891
1,Stage-2-Metaboloscripted-Infarction,rs3469852,0.0000053666
1,Stage-2-Metaboloscripted-Infarction,rs8255471,0.0000037651
1,Stage-2-Metaboloscripted-Infarction,rs9659516,0.0000041551
1,Stage-2-Metaboloscripted-Infarction,rs5951651,0.0000058426
1,Stage-2-Metaboloscripted-Infarction,rs2718392,0.0000085831
1,Stage-2-Metaboloscripted-Infarction,rs5397943,0.0000093556
1,Stage-2-Metaboloscripted-Infarction,rs8334572,0.0000030196
1,Stage-2-Metaboloscripted-Infarction,rs7197493,0.0000069416
1,Stage-2-Metaboloscripted-Infarction,rs6080190,0.0000035671
1,Stage-2-Metaboloscripted-Infarction,rs3608279,0.0000007226
1,Stage-2-Metaboloscripted-Infarction,rs8285134,0.0000089311
1,Stage-2-Metaboloscripted-Infarction,rs5823111,0.0000072011
1,Stage-2-Metaboloscripted-Infarction,rs8215920,0.0000045496
1,Stage-2-Metaboloscripted-Infarction,rs1344009,0.0000084041
1,Stage-2-Metaboloscripted-Infarction,rs3598392,0.0000088606
1,Stage-2-Metaboloscripted-Infarction,rs3657718,0.0000055746
1,Stage-2-Metaboloscripted-Infarction,rs1858167,0.0000080131
1,Stage-2-Metaboloscripted-Infarction,rs3746706,0.0000005431
1,Stage-2-Metaboloscripted-Infarction,rs9273898,0.0000071276
1,Stage-2-Metaboloscripted-Infarction,rs2846931,0.0000026501
1,Stage-2-Metaboloscripted-Infarction,rs1996594,0.0000057121
1,Stage-2-Metaboloscripted-Infarction,rs730976,0.0000058401
1,Stage-2-Metaboloscripted-Infarction,rs3370976,0.0000058966
1,Large-Intracranial-Syndrophrase,rs3717043,0.0000035601
1,Large-Intracranial-Syndrophrase,rs3697268,0.0000079626
1,Large-Intracranial-Syndrophrase,rs4320190,0.0000072556
1,Large-Intracranial-Syndrophrase,rs2233897,0.0000071936
1,Large-Intracranial-Syndrophrase,rs2886482,0.0000005721
1,Large-Intracranial-Syndrophrase,rs8087381,0.0000040311
1,Large-Intracranial-Syndrophrase,rs4636594,0.0000043931
1,Large-Intracranial-Syndrophrase,rs4241088,0.0000072801
1,Large-Intracranial-Syndrophrase,rs9669404,0.0000059516
1,Large-Intracranial-Syndrophrase,rs5091426,0.0000023036
1,Large-Intracranial-Syndrophrase,rs4715695,0.0000065006
1,Large-Intracranial-Syndrophrase,rs2579965,0.0000095986
1,Large-Intracranial-Syndrophrase,rs1571425,0.0000082026
1,Large-Intracranial-Syndrophrase,rs1591201,0.0000075641
1,Large-Intracranial-Syndrophrase,rs6307606,0.0000037621
1,Large-Intracranial-Syndrophrase,rs7919291,0.0000044131
1,Large-Intracranial-Syndrophrase,rs5467156,0.0000045286
1,Large-Intracranial-Syndrophrase,rs6248280,0.0000018266
1,Large-Intracranial-Syndrophrase,rs1363785,0.0000046291
1,Large-Intracranial-Syndrophrase,rs8215920,0.0000030826
1,Large-Intracranial-Syndrophrase,rs2827156,0.0000050761
1,Large-Intracranial-Syndrophrase,rs9036595,0.0000030311
1,Large-Intracranial-Syndrophrase,rs7830302,0.0000062241
1,Large-Intracranial-Syndrophrase,rs5991201,0.0000098336
1,Large-Intracranial-Syndrophrase,rs4913448,0.0000023401
1,Large-Intracranial-Syndrophrase,rs3281987,0.0000028936
1,Large-Intracranial-Syndrophrase,rs8196145,0.0000057801
1,Large-Intracranial-Syndrophrase,rs3173223,0.0000026301
1,Stage-1-Diminished-Syndrophrase,rs5160639,0.0000021591
1,Stage-1-Diminished-Syndrophrase,rs3608279,0.0000009021
1,Stage-1-Diminished-Syndrophrase,rs4092774,0.0000039891
1,Stage-1-Diminished-Syndrophrase,rs8759741,0.0000009571
1,Stage-1-Diminished-Syndrophrase,rs523335,0.0000007096
1,Stage-1-Diminished-Syndrophrase,rs859515,0.0000071476
1,Stage-1-Diminished-Syndrophrase,rs2421762,0.0000059801
1,Stage-1-Diminished-Syndrophrase,rs9422213,0.0000000011
1,Stage-1-Diminished-Syndrophrase,rs8067606,0.0000020946
1,Stage-1-Diminished-Syndrophrase,rs1739515,0.0000096501
1,Stage-1-Diminished-Syndrophrase,rs6831651,0.0000078296
1,Stage-1-Diminished-Syndrophrase,rs1086931,0.0000061971
1,Stage-1-Diminished-Syndrophrase,rs4854122,0.0000084341
1,Stage-1-Diminished-Syndrophrase,rs9412325,0.0000007521
1,Stage-1-Diminished-Syndrophrase,rs9886932,0.0000038036
1,Stage-1-Diminished-Syndrophrase,rs6070302,0.0000060126
1,Stage-1-Diminished-Syndrophrase,rs7543561,0.0000089706
1,Stage-1-Diminished-Syndrophrase,rs6208729,0.0000022386
1,Stage-1-Diminished-Syndrophrase,rs9303561,0.0000067731
1,Stage-1-Diminished-Syndrophrase,rs8354347,0.0000072311
1,Stage-1-Diminished-Syndrophrase,rs1373672,0.0000078486
1,Stage-1-Diminished-Syndrophrase,rs3875246,0.0000084686
1,Stage-1-Diminished-Syndrophrase,rs3331425,0.0000003441
1,Stage-1-Diminished-Syndrophrase,rs2599740,0.0000084736
1,Stage-1-Diminished-Syndrophrase,rs5150752,0.0000036361
1,Stage-1-Diminished-Syndrophrase,rs6792100,0.0000037066
1,Stage-1-Diminished-Syndrophrase,rs2965583,0.0000048811
1,Stage-1-Diminished-Syndrophrase,rs5674797,0.0000041456
1,Stage-1-Diminished-Syndrophrase,rs7345808,0.0000023561
1,Stage-1-Diminished-Syndrophrase,rs1541762,0.0000061591
1,Stage-1-Diminished-Syndrophrase,rs5210077,0.0000003961
1,Uxtrunelior-Redunderphasic-Campylobacteriosis,rs6169179,0.0000087501
1,Uxtrunelior-Redunderphasic-Campylobacteriosis,rs8334572,0.0000034726
1,Posterior-Demoliphased-Infarction,rs770526,0.0000085526
1,Posterior-Demoliphased-Infarction,rs2184459,0.0000051161
1,Posterior-Demoliphased-Infarction,rs8937718,0.0000066841
1,Posterior-Demoliphased-Infarction,rs8819067,0.0000016901
1,Posterior-Demoliphased-Infarction,rs5585808,0.0000000836
1,Posterior-Demoliphased-Infarction,rs4775021,0.0000030801
1,Posterior-Demoliphased-Infarction,rs4695920,0.0000010186
1,Posterior-Demoliphased-Infarction,rs5902212,0.0000074306
1,Posterior-Demoliphased-Infarction,rs2708504,0.0000060386
1,Posterior-Demoliphased-Infarction,rs4349853,0.0000084721
1,Posterior-Demoliphased-Infarction,rs6139516,0.0000024476
1,Posterior-Demoliphased-Infarction,rs2095470,0.0000086861
1,Posterior-Demoliphased-Infarction,rs1947156,0.0000054161
1,Posterior-Demoliphased-Infarction,rs8690527,0.0000016556
1,Posterior-Demoliphased-Infarction,rs3657718,0.0000096121
1,Posterior-Demoliphased-Infarction,rs2431650,0.0000056621
1,Posterior-Demoliphased-Infarction,rs9086033,0.0000012781
1,Posterior-Demoliphased-Infarction,rs6001089,0.0000043681
1,Posterior-Demoliphased-Infarction,rs1502212,0.0000090096
1,Posterior-Demoliphased-Infarction,rs4508055,0.0000048511
1,Posterior-Demoliphased-Infarction,rs7306257,0.0000089846
1,Posterior-Demoliphased-Infarction,rs5308954,0.0000051941
1,Posterior-Demoliphased-Infarction,rs4320190,0.0000010711
1,Posterior-Demoliphased-Infarction,rs3717043,0.0000055956
1,Posterior-Demoliphased-Infarction,rs216818,0.0000099661
1,Posterior-Demoliphased-Infarction,rs4804684,0.0000088231
1,Posterior-Demoliphased-Infarction,rs3370976,0.0000074966
1,Posterior-Demoliphased-Infarction,rs1106706,0.0000080686
1,Posterior-Demoliphased-Infarction,rs4310302,0.0000087846
1,Posterior-Demoliphased-Infarction,rs3361088,0.0000075731
1,Posterior-Demoliphased-Infarction,rs3281987,0.0000030796
1,Anterior-Didactoresistant-Convoluter,rs4043336,0.0000053256
1,Anterior-Didactoresistant-Convoluter,rs4705808,0.0000063111
1,Anterior-Didactoresistant-Convoluter,rs5921988,0.0000014991
1,Anterior-Didactoresistant-Convoluter,rs582661,0.0000083341
1,Anterior-Didactoresistant-Convoluter,rs3519291,0.0000041026
1,Anterior-Didactoresistant-Convoluter,rs464009,0.0000029776
1,Anterior-Didactoresistant-Convoluter,rs8690527,0.0000070801
1,Anterior-Didactoresistant-Convoluter,rs9273898,0.0000082721
1,Anterior-Didactoresistant-Convoluter,rs5674797,0.0000037316
1,Anterior-Didactoresistant-Convoluter,rs7780864,0.0000075671
1,Anterior-Didactoresistant-Convoluter,rs8374123,0.0000037876
1,Anterior-Didactoresistant-Convoluter,rs7583111,0.0000006751
1,Anterior-Didactoresistant-Convoluter,rs1166032,0.0000025031
1,Anterior-Didactoresistant-Convoluter,rs6307606,0.0000028151
1,Anterior-Didactoresistant-Convoluter,rs4508055,0.0000085371
1,Anterior-Didactoresistant-Convoluter,rs2372324,0.0000010336
1,Anterior-Didactoresistant-Convoluter,rs513448,0.0000031811
1,Anterior-Didactoresistant-Convoluter,rs1996594,0.0000087601
1,Anterior-Didactoresistant-Convoluter,rs1442886,0.0000012841
1,Anterior-Didactoresistant-Convoluter,rs8463111,0.0000031301
1,Stage-2-Fractalized-Morphogenesis,rs9491426,0.0000080421
1,Stage-2-Fractalized-Morphogenesis,rs3212774,0.0000044671
1,Stage-2-Fractalized-Morphogenesis,rs2589852,0.0000036091
1,Stage-2-Fractalized-Morphogenesis,rs2431650,0.0000007911
1,Stage-2-Fractalized-Morphogenesis,rs1136369,0.0000043406
1,Stage-2-Fractalized-Morphogenesis,rs6268055,0.0000011541
1,Stage-2-Fractalized-Morphogenesis,rs2510751,0.0000027776
1,Stage-2-Fractalized-Morphogenesis,rs8295022,0.0000073316
1,Stage-2-Fractalized-Morphogenesis,rs5566032,0.0000095596
1,Stage-2-Fractalized-Morphogenesis,rs1531875,0.0000056286
1,Stage-2-Fractalized-Morphogenesis,rs8957494,0.0000057866
1,Stage-2-Fractalized-Morphogenesis,rs9086033,0.0000041461
1,Stage-3-Didactoresistant-Syndrophrase,rs177268,0.0000027476
1,Stage-3-Didactoresistant-Syndrophrase,rs5160639,0.0000030706
1,Stage-3-Didactoresistant-Syndrophrase,rs523335,0.0000049276
1,Stage-3-Didactoresistant-Syndrophrase,rs6861314,0.0000061156
1,Stage-3-Didactoresistant-Syndrophrase,rs9748505,0.0000067806
1,Stage-3-Didactoresistant-Syndrophrase,rs9283786,0.0000036646
1,Stage-3-Didactoresistant-Syndrophrase,rs9392550,0.0000024506
1,Stage-3-Didactoresistant-Syndrophrase,rs5793448,0.0000085296
1,Stage-3-Didactoresistant-Syndrophrase,rs1957043,0.0000013791
1,Stage-3-Didactoresistant-Syndrophrase,rs2085583,0.0000004611
1,Stage-3-Didactoresistant-Syndrophrase,rs1334122,0.0000036666
1,Stage-3-Didactoresistant-Syndrophrase,rs7810527,0.0000048151
1,Stage-3-Didactoresistant-Syndrophrase,rs6238392,0.0000047811
1,Stage-3-Didactoresistant-Syndrophrase,rs6001089,0.0000088186
1,Stage-3-Didactoresistant-Syndrophrase,rs5289179,0.0000066986
1,Distal-Didactoresistant-Campylobacteriosis,rs1838392,0.0000040226
1,Distal-Didactoresistant-Campylobacteriosis,rs5299066,0.0000082246
1,Distal-Didactoresistant-Campylobacteriosis,rs6544909,0.0000056576
1,Distal-Didactoresistant-Campylobacteriosis,rs444234,0.0000094016
1,Distal-Didactoresistant-Campylobacteriosis,rs8809179,0.0000077031
1,Distal-Didactoresistant-Campylobacteriosis,rs4943111,0.0000002476
1,Distal-Didactoresistant-Campylobacteriosis,rs5902212,0.0000054986
1,Distal-Didactoresistant-Campylobacteriosis,rs5892325,0.0000049211
1,Distal-Didactoresistant-Campylobacteriosis,rs5200190,0.0000022616
1,Distal-Didactoresistant-Campylobacteriosis,rs7197493,0.0000000106
1,Distal-Didactoresistant-Campylobacteriosis,rs9728730,0.0000067691
1,Distal-Didactoresistant-Campylobacteriosis,rs7306257,0.0000063726
1,Distal-Didactoresistant-Campylobacteriosis,rs4765134,0.0000049131
1,Distal-Didactoresistant-Campylobacteriosis,rs3954347,0.0000095901
1,Distal-Didactoresistant-Campylobacteriosis,rs9995696,0.0000027866
1,Distal-Didactoresistant-Campylobacteriosis,rs3519291,0.0000076441
1,Distal-Didactoresistant-Campylobacteriosis,rs3469852,0.0000000001
1,Distal-Didactoresistant-Campylobacteriosis,rs9817718,0.0000065301
1,Distal-Didactoresistant-Campylobacteriosis,rs404684,0.0000039621
1,Distal-Didactoresistant-Campylobacteriosis,rs305807,0.0000029051
1,Distal-Didactoresistant-Campylobacteriosis,rs9570527,0.0000015331
1,Distal-Didactoresistant-Campylobacteriosis,rs4389403,0.0000095476
1,Distal-Didactoresistant-Campylobacteriosis,rs4804684,0.0000042371
1,Distal-Didactoresistant-Campylobacteriosis,rs9066258,0.0000081451
1,Distal-Didactoresistant-Campylobacteriosis,rs9412325,0.0000087016
1,Distal-Didactoresistant-Campylobacteriosis,rs1680189,0.0000058546
1,Distal-Didactoresistant-Campylobacteriosis,rs5111201,0.0000027486
1,Distal-Didactoresistant-Campylobacteriosis,rs9886932,0.0000006391
1,Distal-Didactoresistant-Campylobacteriosis,rs5605583,0.0000013041
1,Distal-Didactoresistant-Campylobacteriosis,rs3024909,0.0000079611
1,Distal-Didactoresistant-Campylobacteriosis,rs7335920,0.0000082246
1,Distal-Didactoresistant-Campylobacteriosis,rs7830302,0.0000071766
1,Inferior-Diminished-Morphogenesis,rs6297718,0.0000021836
1,Inferior-Diminished-Morphogenesis,rs3430302,0.0000069601
1,Inferior-Diminished-Morphogenesis,rs2599740,0.0000044721
1,Inferior-Diminished-Morphogenesis,rs7889628,0.0000014431
1,Inferior-Diminished-Morphogenesis,rs2471201,0.0000021721
1,Inferior-Diminished-Morphogenesis,rs6970078,0.0000045851
1,Inferior-Diminished-Morphogenesis,rs2174571,0.0000099546
1,Inferior-Diminished-Morphogenesis,rs6505358,0.0000061751
1,Inferior-Diminished-Morphogenesis,rs3459965,0.0000049741
1,Inferior-Diminished-Morphogenesis,rs9382662,0.0000058661
1,Inferior-Diminished-Morphogenesis,rs3123785,0.0000055831
1,Inferior-Diminished-Morphogenesis,rs3637942,0.0000046096
1,Inferior-Diminished-Morphogenesis,rs3361088,0.0000027531
1,Inferior-Diminished-Morphogenesis,rs6782212,0.0000066661
1,Inferior-Diminished-Morphogenesis,rs819964,0.0000073091
1,Inferior-Diminished-Morphogenesis,rs3766482,0.0000026166
1,Inferior-Diminished-Morphogenesis,rs4676145,0.0000004966
1,Inferior-Diminished-Morphogenesis,rs8542213,0.0000050756
1,Inferior-Diminished-Morphogenesis,rs1185807,0.0000073611
1,Inferior-Diminished-Morphogenesis,rs9491426,0.0000084571
1,Inferior-Diminished-Morphogenesis,rs6930527,0.0000008901
1,Inferior-Diminished-Morphogenesis,rs3964235,0.0000031251
1,Inferior-Diminished-Morphogenesis,rs8463111,0.0000090451
1,Inferior-Diminished-Morphogenesis,rs4112549,0.0000066216
1,Inferior-Diminished-Morphogenesis,rs7899516,0.0000059736
1,Inferior-Diminished-Morphogenesis,rs5219965,0.0000034366
1,Inferior-Diminished-Morphogenesis,rs1344009,0.0000054896
1,Culvintraterior-Redunderphasic-Causalgia,rs2283335,0.0000085756
1,Culvintraterior-Redunderphasic-Causalgia,rs9590303,0.0000084406
1,Culvintraterior-Redunderphasic-Causalgia,rs7672100,0.0000055521
1,Culvintraterior-Redunderphasic-Causalgia,rs3459965,0.0000094666
1,Culvintraterior-Redunderphasic-Causalgia,rs5714347,0.0000079156
1,Culvintraterior-Redunderphasic-Causalgia,rs1156144,0.0000083151
1,Culvintraterior-Redunderphasic-Causalgia,rs7632550,0.0000006891
1,Culvintraterior-Redunderphasic-Causalgia,rs1996594,0.0000008296
1,Culvintraterior-Redunderphasic-Causalgia,rs2481088,0.0000060881
1,Culvintraterior-Redunderphasic-Causalgia,rs790302,0.0000061871
1,Culvintraterior-Redunderphasic-Causalgia,rs2085583,0.0000035771
1,Culvintraterior-Redunderphasic-Causalgia,rs6208729,0.0000004176
1,Culvintraterior-Redunderphasic-Causalgia,rs2698616,0.0000069716
1,Culvintraterior-Redunderphasic-Causalgia,rs4893673,0.0000071381
1,Culvintraterior-Redunderphasic-Causalgia,rs4695920,0.0000022016
1,Culvintraterior-Redunderphasic-Causalgia,rs7177718,0.0000037526
1,Culvintraterior-Redunderphasic-Causalgia,rs760639,0.0000071446
1,Culvintraterior-Redunderphasic-Causalgia,rs9975921,0.0000063106
1,Culvintraterior-Redunderphasic-Causalgia,rs2441538,0.0000080351
1,Culvintraterior-Redunderphasic-Causalgia,rs7464460,0.0000053281
1,Culvintraterior-Redunderphasic-Causalgia,rs6465808,0.0000093631
1,Culvintraterior-Redunderphasic-Causalgia,rs1838392,0.0000080556
1,Culvintraterior-Redunderphasic-Causalgia,rs889178,0.0000045361
1,Culvintraterior-Redunderphasic-Causalgia,rs4952999,0.0000046136
1,Culvintraterior-Redunderphasic-Causalgia,rs3370976,0.0000011966
1,Culvintraterior-Redunderphasic-Causalgia,rs5388055,0.0000073771
1,Culvintraterior-Redunderphasic-Causalgia,rs2016369,0.0000023891
1,Culvintraterior-Redunderphasic-Causalgia,rs622212,0.0000054591
1,Culvintraterior-Redunderphasic-Causalgia,rs6426257,0.0000014491
1,Culvintraterior-Redunderphasic-Causalgia,rs5081538,0.0000092001
1,Culvintraterior-Redunderphasic-Causalgia,rs2609628,0.0000049871
1,Culvintraterior-Redunderphasic-Causalgia,rs8265359,0.0000098256
1,Culvintraterior-Redunderphasic-Causalgia,rs4992549,0.0000056826
1,Culvintraterior-Redunderphasic-Causalgia,rs6930527,0.0000028706
1,Culvintraterior-Redunderphasic-Causalgia,rs1749403,0.0000039491
1,Culvintraterior-Redunderphasic-Causalgia,rs6673448,0.0000062151
1,Culvintraterior-Redunderphasic-Causalgia,rs2975470,0.0000001851
1,Culvintraterior-Redunderphasic-Causalgia,rs7217269,0.0000093696
1,Culvintraterior-Redunderphasic-Causalgia,rs8601538,0.0000076006
1,Culvintraterior-Redunderphasic-Causalgia,rs335470,0.0000040276
1,Culvintraterior-Redunderphasic-Causalgia,rs503560,0.0000075191
1,Culvintraterior-Redunderphasic-Causalgia,rs3875246,0.0000064911
1,Culvintraterior-Redunderphasic-Causalgia,rs6307606,0.0000081711
1,Culvintraterior-Redunderphasic-Infarction,rs9461763,0.0000015156
1,Culvintraterior-Redunderphasic-Infarction,rs3687381,0.0000091561
1,Culvintraterior-Redunderphasic-Infarction,rs7454572,0.0000059621
1,Culvintraterior-Redunderphasic-Infarction,rs2401987,0.0000040646
1,Culvintraterior-Redunderphasic-Infarction,rs187155,0.0000097791
1,Culvintraterior-Redunderphasic-Infarction,rs7335920,0.0000096321
1,Culvintraterior-Redunderphasic-Infarction,rs928729,0.0000037661
1,Culvintraterior-Redunderphasic-Infarction,rs8008280,0.0000087671
1,Culvintraterior-Redunderphasic-Infarction,rs3825808,0.0000094606
1,Culvintraterior-Redunderphasic-Infarction,rs6970078,0.0000062936
1,Culvintraterior-Redunderphasic-Infarction,rs9323336,0.0000082526
1,Culvintraterior-Redunderphasic-Infarction,rs3311650,0.0000099136
1,Culvintraterior-Redunderphasic-Infarction,rs1541762,0.0000028461
1,Culvintraterior-Redunderphasic-Infarction,rs6772325,0.0000098626
1,Culvintraterior-Redunderphasic-Infarction,rs464009,0.0000078081
1,Culvintraterior-Redunderphasic-Infarction,rs2837043,0.0000024901
1,Culvintraterior-Redunderphasic-Infarction,rs1264908,0.0000000936
1,Culvintraterior-Redunderphasic-Infarction,rs1334122,0.0000046921
1,Culvintraterior-Redunderphasic-Infarction,rs5961538,0.0000081226
1,Culvintraterior-Redunderphasic-Infarction,rs9807831,0.0000002481
1,Culvintraterior-Redunderphasic-Infarction,rs2085583,0.0000009996
1,Culvintraterior-Redunderphasic-Infarction,rs4577268,0.0000042006
1,Culvintraterior-Redunderphasic-Infarction,rs9471651,0.0000008606
1,Culvintraterior-Redunderphasic-Infarction,rs1255021,0.0000004601
1,Culvintraterior-Redunderphasic-Infarction,rs7790752,0.0000093196
1,Culvintraterior-Redunderphasic-Infarction,rs8591651,0.0000059156
1,Culvintraterior-Redunderphasic-Infarction,rs3667605,0.0000057951
1,Culvintraterior-Redunderphasic-Infarction,rs2263560,0.0000099866
1,Culvintraterior-Redunderphasic-Infarction,rs2382212,0.0000008386
1,Culvintraterior-Redunderphasic-Infarction,rs1294571,0.0000066781
1,Culvintraterior-Redunderphasic-Infarction,rs3331425,0.0000085776
1,Culvintraterior-Redunderphasic-Infarction,rs8176370,0.0000078066
1,Culvintraterior-Redunderphasic-Infarction,rs5219965,0.0000027071
1,Culvintraterior-Redunderphasic-Infarction,rs7177718,0.0000050866
1,Culvintraterior-Redunderphasic-Infarction,rs4359740,0.0000075171
1,Culvintraterior-Redunderphasic-Infarction,rs1957043,0.0000013556
1,Culvintraterior-Redunderphasic-Infarction,rs4280639,0.0000035401
1,Culvintraterior-Redunderphasic-Infarction,rs2965583,0.0000061041
1,Culvintraterior-Redunderphasic-Infarction,rs8888280,0.0000029946
1,Stage-1-Demoliphased-Palmitoyltransferase,rs3104010,0.0000027386
1,Stage-1-Demoliphased-Palmitoyltransferase,rs3489628,0.0000007181
1,Stage-1-Demoliphased-Palmitoyltransferase,rs1432998,0.0000048831
1,Stage-1-Demoliphased-Palmitoyltransferase,rs2698616,0.0000095711
1,Stage-1-Demoliphased-Palmitoyltransferase,rs3875246,0.0000047791
1,Stage-1-Demoliphased-Palmitoyltransferase,rs1255021,0.0000019661
1,Stage-1-Demoliphased-Palmitoyltransferase,rs3529178,0.0000007051
1,Stage-1-Demoliphased-Palmitoyltransferase,rs5704459,0.0000050206
1,Stage-1-Demoliphased-Palmitoyltransferase,rs9382662,0.0000070271
1,Stage-1-Demoliphased-Palmitoyltransferase,rs5842886,0.0000034196
1,Stage-1-Demoliphased-Palmitoyltransferase,rs7059066,0.0000012036
1,Stage-1-Demoliphased-Palmitoyltransferase,rs3450077,0.0000054361
1,Stage-1-Demoliphased-Palmitoyltransferase,rs513448,0.0000082841
1,Stage-1-Demoliphased-Palmitoyltransferase,rs7375471,0.0000074921
1,Stage-1-Demoliphased-Palmitoyltransferase,rs7513898,0.0000077406
1,Stage-1-Demoliphased-Palmitoyltransferase,rs869403,0.0000033911
1,Stage-1-Demoliphased-Palmitoyltransferase,rs4656369,0.0000012626
1,Stage-1-Demoliphased-Palmitoyltransferase,rs8898168,0.0000056856
1,Stage-1-Demoliphased-Palmitoyltransferase,rs1709852,0.0000018071
1,Stage-1-Demoliphased-Palmitoyltransferase,rs4339965,0.0000034571
1,Stage-1-Demoliphased-Palmitoyltransferase,rs8364235,0.0000099541
1,Stage-1-Demoliphased-Palmitoyltransferase,rs5971426,0.0000030966
1,Stage-1-Demoliphased-Palmitoyltransferase,rs1788953,0.0000044981
1,Stage-1-Demoliphased-Palmitoyltransferase,rs819964,0.0000030041
1,Stage-1-Demoliphased-Palmitoyltransferase,rs9293673,0.0000045676
1,Stage-1-Demoliphased-Palmitoyltransferase,rs1146257,0.0000053336
1,Stage-1-Demoliphased-Palmitoyltransferase,rs8275246,0.0000060826
1,Stage-1-Demoliphased-Palmitoyltransferase,rs8502662,0.0000042351
1,Stage-1-Demoliphased-Palmitoyltransferase,rs5753898,0.0000002981
1,Stage-1-Demoliphased-Palmitoyltransferase,rs8067606,0.0000028131
1,Stage-1-Demoliphased-Palmitoyltransferase,rs5140864,0.0000002736
1,Stage-1-Demoliphased-Palmitoyltransferase,rs6248280,0.0000063381
1,Stage-1-Demoliphased-Palmitoyltransferase,rs9432100,0.0000042251
1,Stage-1-Demoliphased-Palmitoyltransferase,rs2688729,0.0000090706
1,Stage-1-Demoliphased-Palmitoyltransferase,rs9748505,0.0000028071
1,Stage-1-Demoliphased-Palmitoyltransferase,rs4201538,0.0000034706
1,Medial-Redunderphasic-Causalgia,rs9086033,0.0000045206
1,Medial-Redunderphasic-Causalgia,rs6307606,0.0000098361
1,Medial-Redunderphasic-Causalgia,rs4280639,0.0000055126
1,Medial-Redunderphasic-Causalgia,rs1739515,0.0000094861
1,Medial-Redunderphasic-Causalgia,rs375021,0.0000003906
1,Medial-Redunderphasic-Causalgia,rs7533673,0.0000020706
1,Medial-Redunderphasic-Causalgia,rs3529178,0.0000070456
1,Medial-Redunderphasic-Causalgia,rs2985358,0.0000067481
1,Medial-Redunderphasic-Causalgia,rs2273448,0.0000012466
1,Medial-Redunderphasic-Causalgia,rs4290527,0.0000006991
1,Medial-Redunderphasic-Causalgia,rs6515246,0.0000059411
1,Medial-Redunderphasic-Causalgia,rs6861314,0.0000064141
1,Medial-Redunderphasic-Causalgia,rs9402437,0.0000012501
1,Medial-Redunderphasic-Causalgia,rs8739965,0.0000080371
1,Medial-Redunderphasic-Causalgia,rs7039291,0.0000004971
1,Medial-Redunderphasic-Causalgia,rs612324,0.0000056896
1,Medial-Redunderphasic-Causalgia,rs1185807,0.0000074796
1,Medial-Redunderphasic-Causalgia,rs9333224,0.0000002131
1,Medial-Redunderphasic-Causalgia,rs879290,0.0000088001
1,Medial-Redunderphasic-Causalgia,rs2757942,0.0000007286
1,Medial-Redunderphasic-Causalgia,rs1699965,0.0000080791
1,Medial-Redunderphasic-Causalgia,rs8502662,0.0000008091
1,Medial-Redunderphasic-Causalgia,rs5605583,0.0000071746
1,Medial-Redunderphasic-Causalgia,rs958391,0.0000091806
1,Medial-Redunderphasic-Causalgia,rs6732774,0.0000076306
1,Posterior-Hyperbolic-Morphogenesis,rs7454572,0.0000077271
1,Posterior-Hyperbolic-Morphogenesis,rs1828504,0.0000086476
1,Posterior-Hyperbolic-Morphogenesis,rs5496819,0.0000020156
1,Posterior-Hyperbolic-Morphogenesis,rs9412325,0.0000079036
1,Posterior-Hyperbolic-Morphogenesis,rs3667605,0.0000031311
1,Posterior-Hyperbolic-Morphogenesis,rs3024909,0.0000058911
1,Posterior-Hyperbolic-Morphogenesis,rs7484235,0.0000005281
1,Posterior-Hyperbolic-Morphogenesis,rs2767830,0.0000041781
1,Posterior-Hyperbolic-Morphogenesis,rs226706,0.0000095201
1,Posterior-Hyperbolic-Morphogenesis,rs3469852,0.0000002691
1,Posterior-Hyperbolic-Morphogenesis,rs8087381,0.0000097751
1,Posterior-Hyperbolic-Morphogenesis,rs7128280,0.0000066476
1,Posterior-Hyperbolic-Morphogenesis,rs2441538,0.0000024596
1,Posterior-Hyperbolic-Morphogenesis,rs3746706,0.0000097171
1,Posterior-Hyperbolic-Morphogenesis,rs523335,0.0000091656
1,Posterior-Hyperbolic-Morphogenesis,rs889178,0.0000082766
1,Posterior-Hyperbolic-Morphogenesis,rs3558841,0.0000058081
1,Posterior-Hyperbolic-Morphogenesis,rs9956145,0.0000029691
1,Posterior-Hyperbolic-Morphogenesis,rs1551650,0.0000006876
1,Posterior-Hyperbolic-Morphogenesis,rs9659516,0.0000067181
1,Posterior-Hyperbolic-Morphogenesis,rs167380,0.0000086896
1,Posterior-Hyperbolic-Morphogenesis,rs859515,0.0000006241
1,Medium-Ablated-Palmitoyltransferase,rs5655021,0.0000074051
1,Medium-Ablated-Palmitoyltransferase,rs6208729,0.0000063651
1,Medium-Ablated-Palmitoyltransferase,rs1432998,0.0000029751
1,Medium-Ablated-Palmitoyltransferase,rs2688729,0.0000068446
1,Medium-Ablated-Palmitoyltransferase,rs622212,0.0000019326
1,Medium-Ablated-Palmitoyltransferase,rs5753898,0.0000077991
1,Medium-Ablated-Palmitoyltransferase,rs3657718,0.0000065801
1,Medium-Ablated-Palmitoyltransferase,rs6376819,0.0000009961
1,Medium-Ablated-Palmitoyltransferase,rs4389403,0.0000029821
1,Medium-Ablated-Palmitoyltransferase,rs7335920,0.0000037001
1,Medium-Ablated-Palmitoyltransferase,rs7978617,0.0000077246
1,Medium-Ablated-Palmitoyltransferase,rs1996594,0.0000010066
1,Medium-Ablated-Palmitoyltransferase,rs9402437,0.0000025446
1,Medium-Ablated-Palmitoyltransferase,rs5961538,0.0000017396
1,Medium-Ablated-Palmitoyltransferase,rs1521987,0.0000073506
1,Medium-Ablated-Palmitoyltransferase,rs4982662,0.0000006491
1,Medium-Ablated-Palmitoyltransferase,rs3232549,0.0000086431
1,Medium-Ablated-Palmitoyltransferase,rs7988505,0.0000037111
1,Medium-Ablated-Palmitoyltransferase,rs6979965,0.0000089916
1,Medium-Ablated-Palmitoyltransferase,rs6525134,0.0000010056
1,Medium-Ablated-Palmitoyltransferase,rs6010976,0.0000015091
1,Medium-Ablated-Palmitoyltransferase,rs9086033,0.0000093436
1,Medium-Ablated-Palmitoyltransferase,rs7019516,0.0000044246
1,Medium-Ablated-Palmitoyltransferase,rs7968729,0.0000010296
1,Medium-Ablated-Palmitoyltransferase,rs2856819,0.0000043961
1,Medium-Ablated-Palmitoyltransferase,rs4013673,0.0000045586
1,Medium-Ablated-Palmitoyltransferase,rs1699965,0.0000056821
1,Medium-Ablated-Palmitoyltransferase,rs582661,0.0000075191
1,Medium-Ablated-Palmitoyltransferase,rs9105808,0.0000021806
1,Medium-Ablated-Palmitoyltransferase,rs8957494,0.0000002246
1,Medium-Ablated-Palmitoyltransferase,rs5190302,0.0000046406
1,Medium-Ablated-Palmitoyltransferase,rs691425,0.0000082666
1,Medium-Ablated-Palmitoyltransferase,rs3628055,0.0000088371
1,Medium-Ablated-Palmitoyltransferase,rs6347156,0.0000026486
1,Medium-Ablated-Palmitoyltransferase,rs6970078,0.0000026761
1,Medium-Ablated-Palmitoyltransferase,rs5951651,0.0000012126
1,Medium-Ablated-Palmitoyltransferase,rs7948954,0.0000083346
1,Medium-Ablated-Palmitoyltransferase,rs6446033,0.0000029926
1,Medium-Ablated-Palmitoyltransferase,rs1907605,0.0000031036
1,Medium-Ablated-Palmitoyltransferase,rs3746706,0.0000037396
1,Medium-Ablated-Palmitoyltransferase,rs4379515,0.0000030691
1,Medium-Ablated-Palmitoyltransferase,rs7830302,0.0000020716
1,Medium-Ablated-Palmitoyltransferase,rs7652325,0.0000035551
1,Medium-Ablated-Palmitoyltransferase,rs1294571,0.0000054366
1,Medium-Ablated-Palmitoyltransferase,rs5111201,0.0000005146
1,Posterior-Ablated-Angiomatosis,rs8601538,0.0000099876
1,Posterior-Ablated-Angiomatosis,rs4310302,0.0000003891
1,Posterior-Ablated-Angiomatosis,rs1521987,0.0000081601
1,Posterior-Ablated-Angiomatosis,rs9165134,0.0000007146
1,Posterior-Ablated-Angiomatosis,rs8789404,0.0000029911
1,Posterior-Ablated-Angiomatosis,rs2777718,0.0000098251
1,Posterior-Ablated-Angiomatosis,rs3420414,0.0000081461
1,Posterior-Ablated-Angiomatosis,rs5714347,0.0000090906
1,Posterior-Ablated-Angiomatosis,rs8848730,0.0000054911
1,Posterior-Ablated-Angiomatosis,rs4290527,0.0000000736
1,Posterior-Ablated-Angiomatosis,rs7691875,0.0000005546
1,Posterior-Ablated-Angiomatosis,rs8393898,0.0000036821
1,Posterior-Ablated-Angiomatosis,rs444234,0.0000004616
1,Posterior-Ablated-Angiomatosis,rs8739965,0.0000065521
1,Posterior-Ablated-Angiomatosis,rs6495471,0.0000055431
1,Posterior-Ablated-Angiomatosis,rs5773673,0.0000011956
1,Posterior-Ablated-Angiomatosis,rs5368280,0.0000006601
1,Posterior-Ablated-Angiomatosis,rs8502662,0.0000044986
1,Small-Ablated-Causalgia,rs9975921,0.0000040316
1,Small-Ablated-Causalgia,rs6940415,0.0000023151
1,Small-Ablated-Causalgia,rs5951651,0.0000042106
1,Small-Ablated-Causalgia,rs4478392,0.0000017121
1,Small-Ablated-Causalgia,rs6248280,0.0000031641
1,Small-Ablated-Causalgia,rs8334572,0.0000000301
1,Small-Ablated-Causalgia,rs8957494,0.0000021891
1,Small-Ablated-Causalgia,rs1383560,0.0000074776
1,Small-Ablated-Causalgia,rs810077,0.0000043041
1,Small-Ablated-Causalgia,rs8710303,0.0000028351
1,Small-Ablated-Causalgia,rs1680189,0.0000001446
1,Small-Ablated-Causalgia,rs4725583,0.0000023961
1,Small-Ablated-Causalgia,rs1334122,0.0000067201
1,Small-Ablated-Causalgia,rs8858617,0.0000018486
1,Small-Ablated-Causalgia,rs5536370,0.0000009566
1,Small-Ablated-Causalgia,rs5595695,0.0000002406
1,Small-Ablated-Causalgia,rs2075695,0.0000060361
1,Small-Ablated-Causalgia,rs5902212,0.0000049076
1,Small-Ablated-Causalgia,rs6297718,0.0000058761
1,Small-Ablated-Causalgia,rs6396594,0.0000003481
1,Small-Ablated-Causalgia,rs5081538,0.0000094341
1,Small-Ablated-Causalgia,rs9738617,0.0000076156
1,Small-Ablated-Causalgia,rs2639291,0.0000059521
1,Small-Ablated-Causalgia,rs6139516,0.0000025746
1,Small-Ablated-Causalgia,rs187155,0.0000085391
1,Small-Ablated-Causalgia,rs5842886,0.0000011791
1,Small-Ablated-Causalgia,rs7118392,0.0000049481
1,Small-Ablated-Causalgia,rs3687381,0.0000036116
1,Small-Ablated-Causalgia,rs5318841,0.0000053501
1,Small-Ablated-Causalgia,rs1452774,0.0000036726
1,Small-Ablated-Causalgia,rs355245,0.0000098596
1,Small-Ablated-Causalgia,rs1581313,0.0000001566
1,Small-Ablated-Causalgia,rs1393448,0.0000075266
1,Stage-4-Intracranial-Semiquaver,rs1739515,0.0000097261
1,Stage-4-Intracranial-Semiquaver,rs5694572,0.0000002786
1,Stage-4-Intracranial-Semiquaver,rs5773673,0.0000019326
1,Stage-4-Intracranial-Semiquaver,rs9343112,0.0000056586
1,Stage-4-Intracranial-Semiquaver,rs1185807,0.0000095551
1,Stage-4-Intracranial-Semiquaver,rs404684,0.0000014471
1,Stage-4-Intracranial-Semiquaver,rs4280639,0.0000069811
1,Stage-4-Intracranial-Semiquaver,rs9540864,0.0000064311
1,Stage-4-Intracranial-Semiquaver,rs6940415,0.0000060906
1,Stage-4-Intracranial-Semiquaver,rs3657718,0.0000010781
1,Stage-4-Intracranial-Semiquaver,rs6001089,0.0000027766
1,Stage-4-Intracranial-Semiquaver,rs2767830,0.0000023051
1,Stage-4-Intracranial-Semiquaver,rs4290527,0.0000045621
1,Stage-4-Intracranial-Semiquaver,rs780414,0.0000072916
1,Stage-4-Intracranial-Semiquaver,rs5674797,0.0000080611
1,Stage-4-Intracranial-Semiquaver,rs988054,0.0000091406
1,Stage-4-Intracranial-Semiquaver,rs1571425,0.0000063416
1,Stage-4-Intracranial-Semiquaver,rs3717043,0.0000000681
1,Stage-4-Intracranial-Semiquaver,rs4478392,0.0000026471
1,Stage-4-Intracranial-Semiquaver,rs8453224,0.0000040666
1,Stage-4-Intracranial-Semiquaver,rs9184909,0.0000045011
1,Stage-4-Intracranial-Semiquaver,rs6228504,0.0000088016
1,Stage-4-Intracranial-Semiquaver,rs9768280,0.0000077131
1,Stage-3-Metaboloscripted-Infarction,rs4003785,0.0000040691
1,Stage-3-Metaboloscripted-Infarction,rs1680189,0.0000070096
1,Stage-3-Metaboloscripted-Infarction,rs1146257,0.0000039076
1,Stage-3-Metaboloscripted-Infarction,rs5130976,0.0000041661
1,Stage-3-Metaboloscripted-Infarction,rs1077043,0.0000039296
1,Stage-3-Metaboloscripted-Infarction,rs9412325,0.0000036306
1,Stage-3-Metaboloscripted-Infarction,rs8631201,0.0000009791
1,Stage-3-Metaboloscripted-Infarction,rs7059066,0.0000054291
1,Stage-3-Metaboloscripted-Infarction,rs3015021,0.0000090181
1,Stage-3-Metaboloscripted-Infarction,rs4053223,0.0000006226
1,Stage-3-Metaboloscripted-Infarction,rs6653673,0.0000033651
2,Orbitangential-Antonemic-Dermafiberglassophobia,rs2678841,0.0000025726
2,Orbitangential-Antonemic-Dermafiberglassophobia,rs889178,0.0000028006
2,Orbitangential-Antonemic-Dermafiberglassophobia,rs276144,0.0000036436
2,Orbitangential-Antonemic-Dermafiberglassophobia,rs1492324,0.0000051206
2,Orbitangential-Antonemic-Dermafiberglassophobia,rs9788055,0.0000012561
2,Orbitangential-Antonemic-Dermafiberglassophobia,rs4616819,0.0000081696
2,Orbitangential-Antonemic-Dermafiberglassophobia,rs3370976,0.0000035191
2,Orbitangential-Antonemic-Dermafiberglassophobia,rs958391,0.0000070576
2,Orbitangential-Antonemic-Dermafiberglassophobia,rs4834347,0.0000078366
2,Orbitangential-Antonemic-Dermafiberglassophobia,rs4982662,0.0000070481
2,Orbitangential-Antonemic-Dermafiberglassophobia,rs6495471,0.0000065341
2,Orbitangential-Antonemic-Dermafiberglassophobia,rs6307606,0.0000006186
2,Orbitangential-Antonemic-Dermafiberglassophobia,rs5061763,0.0000010786
2,Orbitangential-Antonemic-Dermafiberglassophobia,rs9194797,0.0000071086
2,Orbitangential-Antonemic-Dermafiberglassophobia,rs5714347,0.0000086051
2,Orbitangential-Antonemic-Dermafiberglassophobia,rs5892325,0.0000054326
2,Orbitangential-Antonemic-Dermafiberglassophobia,rs1937268,0.0000032731
2,Orbitangential-Antonemic-Dermafiberglassophobia,rs2441538,0.0000045191
2,Orbitangential-Antonemic-Dermafiberglassophobia,rs4250976,0.0000038046
2,Orbitangential-Antonemic-Dermafiberglassophobia,rs8117044,0.0000082946
2,Orbitangential-Antonemic-Dermafiberglassophobia,rs2372324,0.0000070751
2,Orbitangential-Antonemic-Dermafiberglassophobia,rs8295022,0.0000037626
2,Orbitangential-Antonemic-Dermafiberglassophobia,rs9995696,0.0000012606
2,Orbitangential-Antonemic-Dermafiberglassophobia,rs1344009,0.0000036391
2,Orbitangential-Antonemic-Dermafiberglassophobia,rs3104010,0.0000011436
2,Orbitangential-Antonemic-Dermafiberglassophobia,rs9669404,0.0000008191
2,LRQuadrant-Ehadhamenic-Rehabonotemptia,rs4428954,0.0000077461
2,LRQuadrant-Ehadhamenic-Rehabonotemptia,rs1334122,0.0000025156
2,LRQuadrant-Ehadhamenic-Rehabonotemptia,rs3815920,0.0000049001
2,LRQuadrant-Ehadhamenic-Rehabonotemptia,rs1769178,0.0000044651
2,LRQuadrant-Ehadhamenic-Rehabonotemptia,rs4498167,0.0000063996
2,LRQuadrant-Ehadhamenic-Rehabonotemptia,rs216818,0.0000039071
2,LRQuadrant-Ehadhamenic-Rehabonotemptia,rs1284684,0.0000023491
2,LRQuadrant-Ehadhamenic-Rehabonotemptia,rs7088729,0.0000008181
2,LRQuadrant-Ehadhamenic-Rehabonotemptia,rs4656369,0.0000073101
2,LRQuadrant-Ehadhamenic-Rehabonotemptia,rs9916595,0.0000006711
2,LRQuadrant-Ehadhamenic-Rehabonotemptia,rs9728730,0.0000046611
2,URQuadrant-Ehadhamenic-Postautumnophobia,rs9402437,0.0000039361
2,URQuadrant-Ehadhamenic-Postautumnophobia,rs4893673,0.0000058186
2,URQuadrant-Ehadhamenic-Postautumnophobia,rs5941763,0.0000041046
2,URQuadrant-Ehadhamenic-Postautumnophobia,rs7543561,0.0000038401
2,URQuadrant-Ehadhamenic-Postautumnophobia,rs6505358,0.0000050596
2,URQuadrant-Ehadhamenic-Postautumnophobia,rs2184459,0.0000025166
2,URQuadrant-Ehadhamenic-Postautumnophobia,rs7405134,0.0000049226
2,URQuadrant-Ehadhamenic-Postautumnophobia,rs8215920,0.0000068211
2,URQuadrant-Ehadhamenic-Postautumnophobia,rs6208729,0.0000062781
2,URQuadrant-Ehadhamenic-Postautumnophobia,rs7365583,0.0000096116
2,URQuadrant-Ehadhamenic-Postautumnophobia,rs3084234,0.0000041796
2,URQuadrant-Ehadhamenic-Postautumnophobia,rs9066258,0.0000002251
2,URQuadrant-Ehadhamenic-Postautumnophobia,rs5279291,0.0000039626
2,URQuadrant-Ehadhamenic-Postautumnophobia,rs3558841,0.0000026706
2,URQuadrant-Ehadhamenic-Postautumnophobia,rs3598392,0.0000008806
2,URQuadrant-Ehadhamenic-Postautumnophobia,rs612324,0.0000020526
2,URQuadrant-Ehadhamenic-Postautumnophobia,rs3717043,0.0000045816
2,URQuadrant-Ehadhamenic-Postautumnophobia,rs7078842,0.0000009816
2,URQuadrant-Ehadhamenic-Postautumnophobia,rs4517942,0.0000039751
2,URQuadrant-Ehadhamenic-Postautumnophobia,rs2599740,0.0000019561
2,URQuadrant-Ehadhamenic-Postautumnophobia,rs7316145,0.0000002681
2,URQuadrant-Ehadhamenic-Postautumnophobia,rs7375471,0.0000020591
2,URQuadrant-Ehadhamenic-Postautumnophobia,rs7790752,0.0000018506
2,URQuadrant-Ehadhamenic-Postautumnophobia,rs6347156,0.0000021516
2,URQuadrant-Ehadhamenic-Postautumnophobia,rs2303111,0.0000067531
2,URQuadrant-Ehadhamenic-Postautumnophobia,rs236594,0.0000006716
2,URQuadrant-Ehadhamenic-Postautumnophobia,rs8304909,0.0000023721
2,URQuadrant-Ehadhamenic-Postautumnophobia,rs7286482,0.0000053201
2,URQuadrant-Ehadhamenic-Postautumnophobia,rs1630751,0.0000078291
2,Medial-Adriatic-Postautumnophobia,rs5941763,0.0000065156
2,Medial-Adriatic-Postautumnophobia,rs2174571,0.0000064001
2,Medial-Adriatic-Postautumnophobia,rs9936370,0.0000070706
2,Medial-Adriatic-Postautumnophobia,rs4903560,0.0000061336
2,Medial-Adriatic-Postautumnophobia,rs2629403,0.0000038856
2,Medial-Adriatic-Postautumnophobia,rs5674797,0.0000055561
2,Medial-Adriatic-Postautumnophobia,rs8275246,0.0000061931
2,Medial-Adriatic-Postautumnophobia,rs9432100,0.0000069491
2,Medial-Adriatic-Postautumnophobia,rs3845583,0.0000055976
2,Medial-Adriatic-Postautumnophobia,rs226706,0.0000010256
2,Medial-Adriatic-Postautumnophobia,rs8354347,0.0000048971
2,Medial-Adriatic-Postautumnophobia,rs3380864,0.0000040806
2,Medial-Adriatic-Postautumnophobia,rs572773,0.0000059691
2,Medial-Adriatic-Postautumnophobia,rs5368280,0.0000093576
2,Medial-Adriatic-Postautumnophobia,rs7335920,0.0000054676
2,Medial-Adriatic-Postautumnophobia,rs5140864,0.0000036826
2,Medial-Adriatic-Postautumnophobia,rs3143560,0.0000057056
2,Medial-Adriatic-Postautumnophobia,rs6653673,0.0000013511
2,Medial-Adriatic-Postautumnophobia,rs6871201,0.0000007416
2,Medial-Adriatic-Postautumnophobia,rs1284684,0.0000071276
2,Medial-Adriatic-Postautumnophobia,rs5417718,0.0000052246
2,Medial-Adriatic-Postautumnophobia,rs4330077,0.0000030541
2,Medial-Adriatic-Postautumnophobia,rs1521987,0.0000025471
2,Medial-Adriatic-Postautumnophobia,rs4616819,0.0000025741
2,Medial-Adriatic-Postautumnophobia,rs7059066,0.0000089996
2,Medial-Adriatic-Postautumnophobia,rs1264908,0.0000068551
2,ULQuadrant-Antonemic-Envirocogniphobia,rs6821763,0.0000050056
2,ULQuadrant-Antonemic-Envirocogniphobia,rs5931875,0.0000064186
2,ULQuadrant-Antonemic-Envirocogniphobia,rs5585808,0.0000036611
2,ULQuadrant-Antonemic-Envirocogniphobia,rs8641089,0.0000034381
2,ULQuadrant-Antonemic-Envirocogniphobia,rs6208729,0.0000085126
2,ULQuadrant-Antonemic-Envirocogniphobia,rs7741314,0.0000034541
2,ULQuadrant-Antonemic-Envirocogniphobia,rs6515246,0.0000087411
2,ULQuadrant-Antonemic-Envirocogniphobia,rs9006932,0.0000083156
2,ULQuadrant-Antonemic-Envirocogniphobia,rs226706,0.0000023561
2,ULQuadrant-Antonemic-Envirocogniphobia,rs5130976,0.0000028326
2,ULQuadrant-Antonemic-Envirocogniphobia,rs2194347,0.0000059946
2,ULQuadrant-Antonemic-Envirocogniphobia,rs3667605,0.0000085896
2,ULQuadrant-Antonemic-Envirocogniphobia,rs1116594,0.0000062376
2,ULQuadrant-Antonemic-Envirocogniphobia,rs9936370,0.0000026441
2,ULQuadrant-Antonemic-Envirocogniphobia,rs8008280,0.0000046641
2,ULQuadrant-Antonemic-Envirocogniphobia,rs8611426,0.0000039646
2,ULQuadrant-Antonemic-Envirocogniphobia,rs5150752,0.0000092066
2,ULQuadrant-Antonemic-Envirocogniphobia,rs9896820,0.0000097521
2,ULQuadrant-Antonemic-Envirocogniphobia,rs6495471,0.0000003701
2,ULQuadrant-Antonemic-Envirocogniphobia,rs3351201,0.0000021366
2,ULQuadrant-Antonemic-Envirocogniphobia,rs9471651,0.0000094626
2,ULQuadrant-Antonemic-Envirocogniphobia,rs9036595,0.0000008406
2,ULQuadrant-Antonemic-Envirocogniphobia,rs1561538,0.0000057996
2,ULQuadrant-Antonemic-Envirocogniphobia,rs8977269,0.0000092126
2,ULQuadrant-Antonemic-Envirocogniphobia,rs3469852,0.0000059206
2,ULQuadrant-Antonemic-Envirocogniphobia,rs8285134,0.0000064961
2,Penumbracentric-Adriatic-Dermafiberglassophobia,rs7256819,0.0000031071
2,Penumbracentric-Adriatic-Dermafiberglassophobia,rs1166032,0.0000050306
2,Penumbracentric-Adriatic-Dermafiberglassophobia,rs1284684,0.0000071576
2,Penumbracentric-Adriatic-Dermafiberglassophobia,rs8937718,0.0000070706
2,Penumbracentric-Adriatic-Dermafiberglassophobia,rs7266707,0.0000029831
2,Penumbracentric-Adriatic-Dermafiberglassophobia,rs5536370,0.0000076571
2,Penumbracentric-Adriatic-Dermafiberglassophobia,rs5832999,0.0000028376
2,Penumbracentric-Adriatic-Dermafiberglassophobia,rs7385359,0.0000037521
2,Penumbracentric-Adriatic-Dermafiberglassophobia,rs8028055,0.0000098441
2,Penumbracentric-Adriatic-Dermafiberglassophobia,rs3815920,0.0000022496
2,Penumbracentric-Adriatic-Dermafiberglassophobia,rs9540864,0.0000034746
2,Penumbracentric-Adriatic-Dermafiberglassophobia,rs3618167,0.0000087346
2,Penumbracentric-Adriatic-Dermafiberglassophobia,rs4478392,0.0000097146
2,Penumbracentric-Adriatic-Dermafiberglassophobia,rs9867157,0.0000047376
2,Penumbracentric-Adriatic-Dermafiberglassophobia,rs3183111,0.0000094216
2,Penumbracentric-Adriatic-Dermafiberglassophobia,rs641987,0.0000068026
2,Penumbracentric-Adriatic-Dermafiberglassophobia,rs4656369,0.0000068921
2,Penumbracentric-Adriatic-Dermafiberglassophobia,rs8037943,0.0000088106
2,Penumbracentric-Adriatic-Dermafiberglassophobia,rs1492324,0.0000016591
2,Penumbracentric-Adriatic-Dermafiberglassophobia,rs9254123,0.0000096146
2,Penumbracentric-Adriatic-Dermafiberglassophobia,rs9115696,0.0000003441
2,Penumbracentric-Adriatic-Dermafiberglassophobia,rs7078842,0.0000065321
2,Penumbracentric-Adriatic-Dermafiberglassophobia,rs5121089,0.0000025501
2,Penumbracentric-Adriatic-Dermafiberglassophobia,rs5575920,0.0000089906
2,Penumbracentric-Adriatic-Dermafiberglassophobia,rs9501314,0.0000056891
2,Penumbracentric-Adriatic-Dermafiberglassophobia,rs4952999,0.0000000461
2,Penumbracentric-Adriatic-Dermafiberglassophobia,rs8848730,0.0000096851
2,Penumbracentric-Adriatic-Dermafiberglassophobia,rs1630751,0.0000097751
2,Penumbracentric-Adriatic-Dermafiberglassophobia,rs3361088,0.0000009331
2,Penumbracentric-Adriatic-Dermafiberglassophobia,rs10005584,0.0000070341
2,Penumbracentric-Adriatic-Dermafiberglassophobia,rs582661,0.0000084806
2,Penumbracentric-Adriatic-Dermafiberglassophobia,rs177268,0.0000008766
2,Penumbracentric-Adriatic-Dermafiberglassophobia,rs9273898,0.0000099551
2,Penumbracentric-Adriatic-Dermafiberglassophobia,rs8344460,0.0000096221
2,Mediophase-1-Quintoptic-Ingridbergmania,rs8641089,0.0000072511
2,Mediophase-1-Quintoptic-Ingridbergmania,rs3489628,0.0000045026
2,Mediophase-1-Quintoptic-Ingridbergmania,rs4132324,0.0000057741
2,Mediophase-1-Quintoptic-Ingridbergmania,rs5032100,0.0000009501
2,Mediophase-1-Quintoptic-Ingridbergmania,rs7484235,0.0000077686
2,Mediophase-1-Quintoptic-Ingridbergmania,rs780414,0.0000098386
2,Mediophase-1-Quintoptic-Ingridbergmania,rs6010976,0.0000016946
2,Mediophase-1-Quintoptic-Ingridbergmania,rs3746706,0.0000063486
2,Mediophase-1-Quintoptic-Ingridbergmania,rs8295022,0.0000010426
2,Mediophase-1-Quintoptic-Ingridbergmania,rs829852,0.0000086531
2,Mediophase-1-Quintoptic-Ingridbergmania,rs8977269,0.0000053111
2,Mediophase-1-Quintoptic-Ingridbergmania,rs5655021,0.0000051066
2,Mediophase-1-Quintoptic-Ingridbergmania,rs9570527,0.0000018301
2,Mediophase-1-Quintoptic-Ingridbergmania,rs3469852,0.0000066611
2,Mediophase-1-Quintoptic-Ingridbergmania,rs8571876,0.0000051556
2,Mediophase-1-Quintoptic-Ingridbergmania,rs4349853,0.0000056121
2,Mediophase-1-Quintoptic-Ingridbergmania,rs5210077,0.0000092731
2,Mediophase-1-Quintoptic-Ingridbergmania,rs1185807,0.0000015281
2,Mediophase-1-Quintoptic-Ingridbergmania,rs691425,0.0000026186
2,Mediophase-1-Quintoptic-Ingridbergmania,rs7919291,0.0000068116
2,Mediophase-1-Quintoptic-Ingridbergmania,rs9412325,0.0000051091
2,Mediophase-1-Quintoptic-Ingridbergmania,rs592549,0.0000024301
2,Mediophase-1-Quintoptic-Ingridbergmania,rs1314347,0.0000000666
2,Mediophase-1-Quintoptic-Ingridbergmania,rs5348504,0.0000072731
2,Mediophase-1-Quintoptic-Ingridbergmania,rs335470,0.0000001221
2,Mediophase-1-Quintoptic-Ingridbergmania,rs2629403,0.0000054566
2,Mediophase-1-Rhomboid-Rehabonotemptia,rs187155,0.0000076306
2,Mediophase-1-Rhomboid-Rehabonotemptia,rs2599740,0.0000020151
2,Mediophase-1-Rhomboid-Rehabonotemptia,rs9501314,0.0000043106
2,Mediophase-1-Rhomboid-Rehabonotemptia,rs5269403,0.0000089576
2,Mediophase-1-Rhomboid-Rehabonotemptia,rs2184459,0.0000009726
2,Mediophase-1-Rhomboid-Rehabonotemptia,rs5032100,0.0000046121
2,Mediophase-1-Rhomboid-Rehabonotemptia,rs8492774,0.0000078551
2,Mediophase-1-Rhomboid-Rehabonotemptia,rs5763785,0.0000078946
2,Mediophase-1-Rhomboid-Rehabonotemptia,rs7840190,0.0000082956
2,Mediophase-1-Rhomboid-Rehabonotemptia,rs2481088,0.0000028511
2,Mediophase-1-Rhomboid-Rehabonotemptia,rs3361088,0.0000077081
2,Mediophase-1-Rhomboid-Rehabonotemptia,rs6732774,0.0000070476
2,Mediophase-1-Rhomboid-Rehabonotemptia,rs8275246,0.0000070956
2,Mediophase-1-Rhomboid-Rehabonotemptia,rs9293673,0.0000024791
2,Mediophase-1-Rhomboid-Rehabonotemptia,rs5496819,0.0000062001
2,Mediophase-1-Rhomboid-Rehabonotemptia,rs1996594,0.0000039396
2,Mediophase-1-Rhomboid-Rehabonotemptia,rs7375471,0.0000015051
2,Mediophase-1-Rhomboid-Rehabonotemptia,rs2055920,0.0000040936
2,Mediophase-1-Rhomboid-Rehabonotemptia,rs9590303,0.0000023216
2,Mediophase-1-Rhomboid-Rehabonotemptia,rs4211426,0.0000076751
2,Mediophase-1-Rhomboid-Rehabonotemptia,rs9669404,0.0000061121
2,Mediophase-1-Rhomboid-Rehabonotemptia,rs4765134,0.0000088861
2,Mediophase-1-Rhomboid-Rehabonotemptia,rs5259516,0.0000055636
2,Mediophase-1-Rhomboid-Rehabonotemptia,rs9530977,0.0000018761
2,Mediophase-1-Rhomboid-Rehabonotemptia,rs3637942,0.0000073466
2,Mediophase-1-Rhomboid-Rehabonotemptia,rs7405134,0.0000076941
2,Mediophase-1-Rhomboid-Rehabonotemptia,rs8957494,0.0000014136
2,Mediophase-1-Rhomboid-Rehabonotemptia,rs7592999,0.0000015301
2,Mediophase-1-Rhomboid-Rehabonotemptia,rs780414,0.0000068926
2,Mediophase-1-Rhomboid-Rehabonotemptia,rs3281987,0.0000031651
2,Mediophase-1-Rhomboid-Rehabonotemptia,rs1027605,0.0000079661
2,Mediophase-1-Rhomboid-Rehabonotemptia,rs3469852,0.0000042466
2,Mediophase-1-Rhomboid-Rehabonotemptia,rs4458617,0.0000044141
2,Mediophase-1-Rhomboid-Rehabonotemptia,rs4587156,0.0000040031
2,Mediophase-1-Rhomboid-Rehabonotemptia,rs3074347,0.0000039791
2,Mediophase-1-Rhomboid-Rehabonotemptia,rs8314797,0.0000032796
2,Medial-Antonemic-Croissantsanbutterphobia,rs7632550,0.0000098126
2,Medial-Antonemic-Croissantsanbutterphobia,rs6446033,0.0000021166
2,Medial-Antonemic-Croissantsanbutterphobia,rs4250976,0.0000088506
2,Medial-Antonemic-Croissantsanbutterphobia,rs5803336,0.0000028746
2,Medial-Antonemic-Croissantsanbutterphobia,rs5744010,0.0000048631
2,Medial-Antonemic-Croissantsanbutterphobia,rs4132324,0.0000017981
2,Medial-Antonemic-Croissantsanbutterphobia,rs7830302,0.0000047021
2,Medial-Antonemic-Croissantsanbutterphobia,rs3558841,0.0000013666
2,Medial-Antonemic-Croissantsanbutterphobia,rs4359740,0.0000048591
2,Medial-Antonemic-Croissantsanbutterphobia,rs4517942,0.0000062901
2,Medial-Antonemic-Croissantsanbutterphobia,rs8413673,0.0000040596
2,Medial-Antonemic-Croissantsanbutterphobia,rs8265359,0.0000043961
2,Medial-Antonemic-Croissantsanbutterphobia,rs9807831,0.0000094951
2,Medial-Antonemic-Croissantsanbutterphobia,rs9956145,0.0000064981
2,Medial-Antonemic-Croissantsanbutterphobia,rs7078842,0.0000015431
2,Medial-Antonemic-Croissantsanbutterphobia,rs9708954,0.0000070551
2,Medial-Antonemic-Croissantsanbutterphobia,rs3262212,0.0000007361
2,Medial-Antonemic-Croissantsanbutterphobia,rs5437493,0.0000080816
2,Medial-Antonemic-Croissantsanbutterphobia,rs6307606,0.0000048961
2,Medial-Antonemic-Croissantsanbutterphobia,rs4142212,0.0000056711
2,Medial-Antonemic-Croissantsanbutterphobia,rs5793448,0.0000025506
2,Medial-Antonemic-Croissantsanbutterphobia,rs8453224,0.0000003826
2,Medial-Antonemic-Croissantsanbutterphobia,rs8710303,0.0000049931
2,Medial-Antonemic-Croissantsanbutterphobia,rs2471201,0.0000069821
2,Medial-Antonemic-Croissantsanbutterphobia,rs1492324,0.0000017901
2,Medial-Antonemic-Croissantsanbutterphobia,rs7484235,0.0000042396
2,Medial-Antonemic-Croissantsanbutterphobia,rs7573224,0.0000083856
2,Medial-Antonemic-Croissantsanbutterphobia,rs7326033,0.0000040901
2,Medial-Antonemic-Croissantsanbutterphobia,rs889178,0.0000012231
2,Mediophase-2-Occulated-Postautumnophobia,rs5437493,0.0000061066
2,Mediophase-2-Occulated-Postautumnophobia,rs9481539,0.0000081351
2,Mediophase-2-Occulated-Postautumnophobia,rs8571876,0.0000026531
2,Mediophase-2-Occulated-Postautumnophobia,rs8581763,0.0000053426
2,Mediophase-2-Occulated-Postautumnophobia,rs5902212,0.0000036941
2,Mediophase-2-Occulated-Postautumnophobia,rs8641089,0.0000024146
2,Mediophase-2-Occulated-Postautumnophobia,rs4161987,0.0000044751
2,Mediophase-2-Occulated-Postautumnophobia,rs1067156,0.0000082911
2,Mediophase-2-Occulated-Postautumnophobia,rs1185807,0.0000066601
2,Mediophase-2-Occulated-Postautumnophobia,rs5032100,0.0000082206
2,Mediophase-2-Occulated-Postautumnophobia,rs6040639,0.0000009981
2,Mediophase-2-Occulated-Postautumnophobia,rs5200190,0.0000058441
2,Penumbracentric-Rhomboid-Dermafiberglassophobia,rs9817718,0.0000037966
2,Penumbracentric-Rhomboid-Dermafiberglassophobia,rs7494123,0.0000017456
2,Penumbracentric-Rhomboid-Dermafiberglassophobia,rs5160639,0.0000004211
2,Penumbracentric-Rhomboid-Dermafiberglassophobia,rs5308954,0.0000092016
2,Penumbracentric-Rhomboid-Dermafiberglassophobia,rs7691875,0.0000086871
2,Penumbracentric-Rhomboid-Dermafiberglassophobia,rs8977269,0.0000003926
2,Penumbracentric-Rhomboid-Dermafiberglassophobia,rs8057718,0.0000088846
2,Penumbracentric-Rhomboid-Dermafiberglassophobia,rs1541762,0.0000037851
2,Penumbracentric-Rhomboid-Dermafiberglassophobia,rs424459,0.0000021791
2,Penumbracentric-Rhomboid-Dermafiberglassophobia,rs9807831,0.0000007766
2,Penumbracentric-Rhomboid-Dermafiberglassophobia,rs819964,0.0000077891
2,Penumbracentric-Rhomboid-Dermafiberglassophobia,rs1294571,0.0000057866
2,Penumbracentric-Rhomboid-Dermafiberglassophobia,rs7998392,0.0000007451
2,Penumbracentric-Rhomboid-Dermafiberglassophobia,rs6070302,0.0000087971
2,Penumbracentric-Rhomboid-Dermafiberglassophobia,rs5457268,0.0000095916
2,Penumbracentric-Rhomboid-Dermafiberglassophobia,rs4715695,0.0000036176
2,Penumbracentric-Rhomboid-Dermafiberglassophobia,rs8621314,0.0000007541
2,Penumbracentric-Rhomboid-Dermafiberglassophobia,rs5051875,0.0000037306
2,Penumbracentric-Rhomboid-Dermafiberglassophobia,rs5704459,0.0000060776
2,Penumbracentric-Rhomboid-Dermafiberglassophobia,rs4181763,0.0000040201
2,Penumbracentric-Rhomboid-Dermafiberglassophobia,rs1086931,0.0000041741
2,Penumbracentric-Rhomboid-Dermafiberglassophobia,rs3420414,0.0000092076
2,Penumbracentric-Rhomboid-Dermafiberglassophobia,rs9975921,0.0000052616
2,Penumbracentric-Rhomboid-Dermafiberglassophobia,rs6762437,0.0000082121
2,Mediophase-3-Antonemic-Postautumnophobia,rs9906707,0.0000008686
2,Mediophase-3-Antonemic-Postautumnophobia,rs1947156,0.0000052156
2,Mediophase-3-Antonemic-Postautumnophobia,rs8018168,0.0000077956
2,Mediophase-3-Antonemic-Postautumnophobia,rs9669404,0.0000062751
2,Mediophase-3-Antonemic-Postautumnophobia,rs5190302,0.0000080721
2,Mediophase-3-Antonemic-Postautumnophobia,rs9323336,0.0000013296
2,Mediophase-3-Antonemic-Postautumnophobia,rs8858617,0.0000029451
2,Mediophase-3-Antonemic-Postautumnophobia,rs2224010,0.0000000711
2,Mediophase-3-Antonemic-Postautumnophobia,rs2283335,0.0000018361
2,Mediophase-3-Antonemic-Postautumnophobia,rs2767830,0.0000086006
2,Mediophase-3-Antonemic-Postautumnophobia,rs513448,0.0000017506
2,Mediophase-3-Antonemic-Postautumnophobia,rs4013673,0.0000007906
2,Mediophase-3-Antonemic-Postautumnophobia,rs2411875,0.0000021876
2,Mediophase-3-Antonemic-Postautumnophobia,rs8621314,0.0000032366
2,Mediophase-3-Antonemic-Postautumnophobia,rs3281987,0.0000086491
2,Mediophase-3-Antonemic-Postautumnophobia,rs5813224,0.0000006486
2,Mediophase-3-Antonemic-Postautumnophobia,rs3380864,0.0000045241
2,Mediophase-3-Antonemic-Postautumnophobia,rs7998392,0.0000007261
2,Mediophase-3-Antonemic-Postautumnophobia,rs2194347,0.0000016676
2,Mediophase-2-Quintoptic-Envirocogniphobia,rs6683336,0.0000038786
2,Mediophase-2-Quintoptic-Envirocogniphobia,rs5279291,0.0000004356
2,Mediophase-2-Quintoptic-Envirocogniphobia,rs7385359,0.0000063271
2,Mediophase-2-Quintoptic-Envirocogniphobia,rs8304909,0.0000061266
2,Mediophase-2-Quintoptic-Envirocogniphobia,rs9600190,0.0000020371
2,Mediophase-2-Quintoptic-Envirocogniphobia,rs6999741,0.0000068031
2,Mediophase-2-Quintoptic-Envirocogniphobia,rs9540864,0.0000077746
2,Mediophase-2-Quintoptic-Envirocogniphobia,rs1442886,0.0000074391
2,Mediophase-2-Quintoptic-Envirocogniphobia,rs6979965,0.0000000276
2,Mediophase-2-Quintoptic-Envirocogniphobia,rs3677493,0.0000005271
2,Mediophase-2-Quintoptic-Envirocogniphobia,rs6861314,0.0000063526
2,Mediophase-2-Quintoptic-Envirocogniphobia,rs5744010,0.0000071551
2,Mediophase-2-Quintoptic-Envirocogniphobia,rs7098617,0.0000022576
2,Mediophase-2-Quintoptic-Envirocogniphobia,rs1166032,0.0000062406
2,Mediophase-2-Quintoptic-Envirocogniphobia,rs5753898,0.0000032946
2,Mediophase-2-Quintoptic-Envirocogniphobia,rs8838842,0.0000038561
2,Mediophase-2-Quintoptic-Envirocogniphobia,rs8028055,0.0000059901
2,Mediophase-2-Quintoptic-Envirocogniphobia,rs582661,0.0000051186
2,Mediophase-2-Quintoptic-Envirocogniphobia,rs7039291,0.0000031961
2,Mediophase-2-Quintoptic-Envirocogniphobia,rs8710303,0.0000016856
2,Mediophase-2-Quintoptic-Envirocogniphobia,rs4310302,0.0000058741
2,Mediophase-2-Quintoptic-Envirocogniphobia,rs889178,0.0000079991
2,Mediophase-2-Quintoptic-Envirocogniphobia,rs7741314,0.0000094636
2,Mediophase-2-Quintoptic-Envirocogniphobia,rs6663561,0.0000083436
2,Mediophase-2-Quintoptic-Envirocogniphobia,rs7573224,0.0000032116
2,Mediophase-2-Quintoptic-Envirocogniphobia,rs1086931,0.0000091346
2,Mediophase-2-Quintoptic-Envirocogniphobia,rs2431650,0.0000093281
2,Mediophase-4-Quintoptic-Anglotonophobia,rs2570077,0.0000092591
2,Mediophase-4-Quintoptic-Anglotonophobia,rs3766482,0.0000091086
2,Mediophase-4-Quintoptic-Anglotonophobia,rs1650526,0.0000067046
2,Mediophase-4-Quintoptic-Anglotonophobia,rs7286482,0.0000014376
2,Mediophase-4-Quintoptic-Anglotonophobia,rs9817718,0.0000045366
2,Mediophase-4-Quintoptic-Anglotonophobia,rs4003785,0.0000046996
2,Mediophase-4-Quintoptic-Anglotonophobia,rs4023560,0.0000081811
2,Mediophase-4-Quintoptic-Anglotonophobia,rs5714347,0.0000056641
2,Mediophase-4-Quintoptic-Anglotonophobia,rs3281987,0.0000034411
2,Mediophase-4-Quintoptic-Anglotonophobia,rs4557493,0.0000083166
2,Mediophase-4-Quintoptic-Anglotonophobia,rs1521987,0.0000015246
2,Mediophase-4-Quintoptic-Anglotonophobia,rs2016369,0.0000023786
2,Mediophase-4-Quintoptic-Anglotonophobia,rs8364235,0.0000014831
2,Mediophase-4-Quintoptic-Anglotonophobia,rs3113897,0.0000034841
2,Mediophase-4-Quintoptic-Anglotonophobia,rs5239740,0.0000005876
2,Mediophase-4-Quintoptic-Anglotonophobia,rs7681988,0.0000062951
2,Mediophase-4-Quintoptic-Anglotonophobia,rs3262212,0.0000057541
2,Mediophase-4-Quintoptic-Anglotonophobia,rs5388055,0.0000090626
2,Mediophase-4-Quintoptic-Anglotonophobia,rs4587156,0.0000032666
2,Mediophase-4-Quintoptic-Anglotonophobia,rs3370976,0.0000067186
2,Mediophase-4-Quintoptic-Anglotonophobia,rs6821763,0.0000099086
